Cod_setor,responsavelHomem,responsavelMulher,proporcaoHomem,proporcaoMulher
240810205060001,92,72,0.5609756097560976,0.43902439024390244
240810205060002,170,129,0.568561872909699,0.431438127090301
240810205060003,218,160,0.5767195767195767,0.42328042328042326
240810205060004,255,97,0.7244318181818182,0.2755681818181818
240810205060005,208,116,0.6419753086419753,0.35802469135802467
240810205060006,211,111,0.65527950310559,0.3447204968944099
240810205060007,136,86,0.6126126126126126,0.38738738738738737
240810205060008,143,80,0.6412556053811659,0.35874439461883406
240810205060009,149,106,0.5843137254901961,0.41568627450980394
240810205060010,235,130,0.6438356164383562,0.3561643835616438
240810205060011,122,166,0.4236111111111111,0.5763888888888888
240810205060012,220,157,0.583554376657825,0.41644562334217505
240810205060013,71,95,0.42771084337349397,0.572289156626506
240810205060014,189,152,0.5542521994134897,0.44574780058651026
240810205060015,121,66,0.6470588235294118,0.35294117647058826
240810205060016,147,186,0.44144144144144143,0.5585585585585585
240810205060017,184,156,0.5411764705882353,0.4588235294117647
240810205060018,184,136,0.575,0.425
240810205060019,203,132,0.6059701492537314,0.3940298507462687
240810205060020,190,147,0.5637982195845698,0.4362017804154303
240810205060021,205,121,0.6288343558282209,0.37116564417177916
240810205060022,181,139,0.565625,0.434375
240810205060023,198,135,0.5945945945945946,0.40540540540540543
240810205060024,205,134,0.6047197640117994,0.3952802359882006
240810205060025,247,132,0.6517150395778364,0.3482849604221636
240810205060026,182,116,0.610738255033557,0.38926174496644295
240810205060027,173,139,0.5544871794871795,0.44551282051282054
240810205060028,97,95,0.5052083333333334,0.4947916666666667
240810205060029,171,138,0.5533980582524272,0.44660194174757284
240810205060030,214,126,0.6294117647058823,0.37058823529411766
240810205060031,124,69,0.6424870466321243,0.35751295336787564
240810205060032,172,98,0.6370370370370371,0.362962962962963
240810205060033,217,129,0.6271676300578035,0.37283236994219654
240810205060034,162,103,0.6113207547169811,0.3886792452830189
240810205060035,97,81,0.5449438202247191,0.4550561797752809
240810205060036,139,80,0.634703196347032,0.365296803652968
240810205060037,181,197,0.47883597883597884,0.5211640211640212
240810205060038,203,94,0.6835016835016835,0.3164983164983165
240810205060039,175,107,0.6205673758865248,0.37943262411347517
240810205060040,181,96,0.6534296028880866,0.34657039711191334
240810205060041,220,112,0.6626506024096386,0.3373493975903614
240810205060042,164,149,0.5239616613418531,0.476038338658147
240810205060043,194,125,0.6081504702194357,0.39184952978056425
240810205060044,135,72,0.6521739130434783,0.34782608695652173
240810205060045,185,96,0.6583629893238434,0.3416370106761566
240810205060046,112,111,0.5022421524663677,0.4977578475336323
240810205060047,124,90,0.5794392523364486,0.4205607476635514
240810205060048,116,73,0.6137566137566137,0.3862433862433862
240810205060049,110,74,0.5978260869565217,0.40217391304347827
240810205060050,235,167,0.5845771144278606,0.4154228855721393
240810205060051,187,135,0.5807453416149069,0.4192546583850932
240810205060052,212,129,0.6217008797653959,0.3782991202346041
240810205060053,237,147,0.6171875,0.3828125
240810205060054,99,118,0.45622119815668205,0.543778801843318
240810205060055,108,168,0.391304347826087,0.6086956521739131
240810205060056,173,177,0.4942857142857143,0.5057142857142857
240810205060057,208,106,0.6624203821656051,0.3375796178343949
240810205060058,87,77,0.5304878048780488,0.4695121951219512
240810205060059,160,107,0.599250936329588,0.40074906367041196
240810205060060,198,92,0.6827586206896552,0.31724137931034485
240810205060061,264,170,0.6082949308755761,0.391705069124424
240810205060062,215,145,0.5972222222222222,0.4027777777777778
240810205060063,253,201,0.5572687224669604,0.44273127753303965
240810205060064,153,126,0.5483870967741935,0.45161290322580644
240810205060065,174,165,0.5132743362831859,0.48672566371681414
240810205060066,180,121,0.5980066445182725,0.4019933554817276
240810205060067,123,99,0.5540540540540541,0.44594594594594594
240810205060068,198,140,0.5857988165680473,0.41420118343195267
240810205060069,149,57,0.7233009708737864,0.2766990291262136
240810205060070,161,140,0.5348837209302325,0.46511627906976744
240810205060071,170,261,0.39443155452436196,0.605568445475638
240810205060072,256,182,0.5844748858447488,0.4155251141552511
240810205060073,204,91,0.6915254237288135,0.30847457627118646
240810205060074,160,107,0.599250936329588,0.40074906367041196
240810205060075,217,98,0.6888888888888889,0.3111111111111111
240810205060076,91,72,0.558282208588957,0.44171779141104295
240810205060077,149,62,0.7061611374407583,0.2938388625592417
240810205060078,171,89,0.6576923076923077,0.3423076923076923
240810205060079,81,120,0.40298507462686567,0.5970149253731343
240810205060080,227,124,0.6467236467236467,0.35327635327635326
240810205060081,250,125,0.6666666666666666,0.3333333333333333
240810205060082,137,98,0.5829787234042553,0.41702127659574467
240810205060083,181,66,0.7327935222672065,0.26720647773279355
240810205060084,169,70,0.7071129707112971,0.2928870292887029
240810205060085,165,70,0.7021276595744681,0.2978723404255319
240810205060086,220,135,0.6197183098591549,0.38028169014084506
240810205060087,124,125,0.4979919678714859,0.5020080321285141
240810205060088,222,108,0.6727272727272727,0.32727272727272727
240810205060089,197,96,0.6723549488054608,0.32764505119453924
240810205060090,127,89,0.5879629629629629,0.41203703703703703
240810205060091,156,121,0.5631768953068592,0.4368231046931408
240810205060092,232,119,0.6609686609686609,0.33903133903133903
240810205060093,175,74,0.7028112449799196,0.2971887550200803
240810205060094,209,147,0.5870786516853933,0.41292134831460675
240810205060095,227,87,0.7229299363057324,0.2770700636942675
240810205060096,264,140,0.6534653465346535,0.3465346534653465
240810205060097,220,152,0.5913978494623656,0.40860215053763443
240810205060098,188,148,0.5595238095238095,0.44047619047619047
240810205060099,289,86,0.7706666666666667,0.22933333333333333
240810205060100,157,92,0.6305220883534136,0.36947791164658633
240810205060101,204,156,0.5666666666666667,0.43333333333333335
240810205060102,209,122,0.6314199395770392,0.3685800604229607
240810205060103,206,146,0.5852272727272727,0.4147727272727273
240810205060104,41,20,0.6721311475409836,0.32786885245901637
240810205060105,268,125,0.6819338422391857,0.31806615776081426
240810205060106,193,96,0.6678200692041523,0.33217993079584773
240810205060107,140,68,0.6730769230769231,0.3269230769230769
240810205060108,145,66,0.6872037914691943,0.3127962085308057
240810205060109,162,114,0.5869565217391305,0.41304347826086957
240810205060110,228,125,0.6458923512747875,0.35410764872521244
240810205060111,164,123,0.5714285714285714,0.42857142857142855
240810205060112,164,128,0.5616438356164384,0.4383561643835616
240810205060113,167,186,0.4730878186968839,0.5269121813031161
240810205060114,170,88,0.6589147286821705,0.34108527131782945
240810205060115,139,90,0.6069868995633187,0.3930131004366812
240810205060116,233,149,0.6099476439790575,0.3900523560209424
240810205060117,127,103,0.5521739130434783,0.44782608695652176
240810205060118,202,99,0.6710963455149501,0.3289036544850498
240810205060119,219,157,0.5824468085106383,0.4175531914893617
240810205060120,186,80,0.6992481203007519,0.3007518796992481
240810205060121,202,130,0.608433734939759,0.39156626506024095
240810205060122,188,116,0.618421052631579,0.3815789473684211
240810205060123,150,135,0.5263157894736842,0.47368421052631576
240810205060124,180,96,0.6521739130434783,0.34782608695652173
240810205060125,223,129,0.6335227272727273,0.3664772727272727
240810205060126,188,135,0.5820433436532507,0.4179566563467492
240810205060127,179,116,0.6067796610169491,0.39322033898305087
240810205060128,176,103,0.6308243727598566,0.36917562724014336
240810205060129,146,148,0.4965986394557823,0.5034013605442177
240810205060130,172,175,0.4956772334293948,0.5043227665706052
240810205060131,228,117,0.6608695652173913,0.3391304347826087
240810205060132,207,155,0.5718232044198895,0.4281767955801105
240810205060133,87,57,0.6041666666666666,0.3958333333333333
240810205060134,209,116,0.6430769230769231,0.3569230769230769
240810205060135,148,82,0.6434782608695652,0.3565217391304348
240810205060136,210,120,0.6363636363636364,0.36363636363636365
240810205060137,195,139,0.5838323353293413,0.4161676646706587
240810205060138,57,121,0.3202247191011236,0.6797752808988764
240810205060139,242,79,0.7538940809968847,0.24610591900311526
240810205060140,257,122,0.6781002638522428,0.32189973614775724
240810205060141,290,130,0.6904761904761905,0.30952380952380953
240810205060142,136,75,0.6445497630331753,0.35545023696682465
240810205060143,174,114,0.6041666666666666,0.3958333333333333
240810205060144,162,74,0.6864406779661016,0.3135593220338983
240810205060145,150,99,0.6024096385542169,0.39759036144578314
240810205060146,122,126,0.49193548387096775,0.5080645161290323
240810205060147,202,93,0.6847457627118644,0.3152542372881356
240810205060148,235,118,0.6657223796033994,0.3342776203966006
240810205060149,162,133,0.5491525423728814,0.45084745762711864
240810205060150,120,80,0.6,0.4
240810205060151,232,123,0.6535211267605634,0.3464788732394366
240810205060152,240,143,0.6266318537859008,0.3733681462140992
240810205060153,93,84,0.5254237288135594,0.4745762711864407
240810205060154,102,70,0.5930232558139535,0.4069767441860465
240810205060155,186,129,0.5904761904761905,0.4095238095238095
240810205060156,130,83,0.6103286384976526,0.38967136150234744
240810205060157,153,138,0.5257731958762887,0.4742268041237113
240810205060158,209,95,0.6875,0.3125
240810205060159,202,108,0.6516129032258065,0.34838709677419355
240810205060160,205,123,0.625,0.375
240810205060161,112,76,0.5957446808510638,0.40425531914893614
240810205060162,142,57,0.7135678391959799,0.2864321608040201
240810205060163,212,109,0.660436137071651,0.3395638629283489
240810205060164,84,45,0.6511627906976745,0.3488372093023256
240810205060165,24,16,0.6,0.4
240810205060166,232,176,0.5686274509803921,0.43137254901960786
240810205060167,254,142,0.6414141414141414,0.35858585858585856
240810205060168,260,130,0.6666666666666666,0.3333333333333333
240810205060169,179,137,0.5664556962025317,0.43354430379746833
240810205060170,107,54,0.6645962732919255,0.33540372670807456
240810205060171,191,81,0.7022058823529411,0.2977941176470588
240810205060172,157,90,0.6356275303643725,0.3643724696356275
240810205060173,140,170,0.45161290322580644,0.5483870967741935
240810205060174,195,129,0.6018518518518519,0.39814814814814814
240810205060175,98,143,0.4066390041493776,0.5933609958506224
240810205060176,263,195,0.574235807860262,0.425764192139738
240810205060177,238,111,0.6819484240687679,0.31805157593123207
240810205060178,172,77,0.6907630522088354,0.3092369477911647
240810205060179,46,88,0.34328358208955223,0.6567164179104478
240810205060180,252,113,0.6904109589041096,0.3095890410958904
240810205060181,213,79,0.7294520547945206,0.2705479452054795
240810205060182,200,95,0.6779661016949152,0.3220338983050847
240810205060183,237,116,0.6713881019830028,0.3286118980169972
240810205060184,118,63,0.6519337016574586,0.34806629834254144
240810205060185,70,100,0.4117647058823529,0.5882352941176471
240810205060186,169,79,0.6814516129032258,0.3185483870967742
240810205060187,157,64,0.7104072398190046,0.2895927601809955
240810205060188,145,119,0.5492424242424242,0.45075757575757575
240810205060189,277,115,0.7066326530612245,0.29336734693877553
240810205060190,310,109,0.7398568019093079,0.26014319809069214
240810205060191,177,119,0.597972972972973,0.40202702702702703
240810205060192,183,125,0.5941558441558441,0.40584415584415584
240810205060193,163,90,0.6442687747035574,0.3557312252964427
240810205060194,230,95,0.7076923076923077,0.2923076923076923
240810205060195,152,92,0.6229508196721312,0.3770491803278688
240810205060196,184,103,0.6411149825783972,0.3588850174216028
240810205060197,174,205,0.45910290237467016,0.5408970976253298
240810205060198,175,101,0.6340579710144928,0.36594202898550726
240810205060199,163,53,0.7546296296296297,0.24537037037037038
240810205060200,120,310,0.27906976744186046,0.7209302325581395
240810205060201,222,116,0.6568047337278107,0.3431952662721893
240810205060202,107,122,0.4672489082969432,0.5327510917030568
240810205060203,271,177,0.6049107142857143,0.3950892857142857
240810205060204,233,88,0.7258566978193146,0.27414330218068533
240810205060205,192,124,0.6075949367088608,0.3924050632911392
240810205060206,194,74,0.7238805970149254,0.27611940298507465
240810205060207,203,127,0.6151515151515151,0.38484848484848483
240810205060208,178,147,0.5476923076923077,0.4523076923076923
240810205060209,110,130,0.4583333333333333,0.5416666666666666
240810205060210,156,86,0.6446280991735537,0.35537190082644626
240810205060211,163,134,0.5488215488215489,0.4511784511784512
240810205060212,116,52,0.6904761904761905,0.30952380952380953
240810205060213,443,174,0.7179902755267423,0.2820097244732577
240810205060214,254,138,0.6479591836734694,0.3520408163265306
240810205060215,189,49,0.7941176470588235,0.20588235294117646
240810205060216,236,131,0.6430517711171662,0.3569482288828338
240810205060217,127,191,0.39937106918238996,0.60062893081761
240810205060218,141,76,0.6497695852534562,0.35023041474654376
240810205060219,106,53,0.6666666666666666,0.3333333333333333
240810205060220,108,99,0.5217391304347826,0.4782608695652174
240810205060221,92,117,0.44019138755980863,0.5598086124401914
240810205060222,63,71,0.4701492537313433,0.5298507462686567
240810205060223,73,122,0.37435897435897436,0.6256410256410256
240810205060224,156,136,0.5342465753424658,0.4657534246575342
240810205060225,113,78,0.5916230366492147,0.4083769633507853
240810205060226,144,100,0.5901639344262295,0.4098360655737705
240810205060227,100,62,0.6172839506172839,0.38271604938271603
240810205060228,137,86,0.6143497757847534,0.38565022421524664
240810205060229,142,70,0.6698113207547169,0.330188679245283
240810205060230,119,97,0.5509259259259259,0.44907407407407407
240810205060231,105,47,0.6907894736842105,0.3092105263157895
240810205060232,141,106,0.5708502024291497,0.4291497975708502
240810205060233,165,76,0.6846473029045643,0.3153526970954357
240810205060234,66,139,0.32195121951219513,0.6780487804878049
240810205060235,168,88,0.65625,0.34375
240810205060236,108,84,0.5625,0.4375
240810205060237,132,96,0.5789473684210527,0.42105263157894735
240810205060238,51,68,0.42857142857142855,0.5714285714285714
240810205060239,107,136,0.4403292181069959,0.5596707818930041
240810205060240,176,150,0.5398773006134969,0.4601226993865031
240810205060241,278,130,0.6813725490196079,0.31862745098039214
240810205060242,220,216,0.5045871559633027,0.4954128440366973
240810205060243,87,151,0.36554621848739494,0.634453781512605
240810205060244,173,104,0.6245487364620939,0.37545126353790614
240810205060245,165,90,0.6470588235294118,0.35294117647058826
240810205060246,193,76,0.7174721189591078,0.2825278810408922
240810205060247,77,130,0.3719806763285024,0.6280193236714976
240810205060248,93,69,0.5740740740740741,0.42592592592592593
240810205060249,154,78,0.6637931034482759,0.33620689655172414
240810205060250,114,94,0.5480769230769231,0.4519230769230769
240810205060251,128,99,0.5638766519823789,0.43612334801762115
240810205060252,121,64,0.654054054054054,0.34594594594594597
240810205060253,113,160,0.4139194139194139,0.5860805860805861
240810205060254,175,61,0.7415254237288136,0.2584745762711864
240810205060255,164,77,0.6804979253112033,0.31950207468879666
240810205060256,151,90,0.6265560165975104,0.37344398340248963
240810205060257,142,60,0.7029702970297029,0.297029702970297
240810205060258,154,98,0.6111111111111112,0.3888888888888889
240810205060259,77,165,0.3181818181818182,0.6818181818181818
240810205060260,153,92,0.6244897959183674,0.37551020408163266
240810205060261,112,82,0.5773195876288659,0.422680412371134
240810205060262,160,46,0.7766990291262136,0.22330097087378642
240810205060263,284,111,0.7189873417721518,0.2810126582278481
240810205060264,110,61,0.6432748538011696,0.3567251461988304
240810205060265,124,58,0.6813186813186813,0.31868131868131866
240810205060266,148,94,0.6115702479338843,0.3884297520661157
240810205060267,227,134,0.628808864265928,0.37119113573407203
240810205060268,153,37,0.8052631578947368,0.19473684210526315
240810205060269,196,108,0.6447368421052632,0.35526315789473684
240810205060270,102,84,0.5483870967741935,0.45161290322580644
240810205060271,303,98,0.7556109725685786,0.24438902743142144
240810205060272,117,60,0.6610169491525424,0.3389830508474576
240810205060273,72,41,0.6371681415929203,0.36283185840707965
240810205060274,135,79,0.6308411214953271,0.3691588785046729
240810205060275,217,110,0.6636085626911316,0.3363914373088685
240810205060276,153,63,0.7083333333333334,0.2916666666666667
240810205060277,84,81,0.509090909090909,0.4909090909090909
240810205060278,120,63,0.6557377049180327,0.3442622950819672
240810205060279,127,71,0.6414141414141414,0.35858585858585856
240810205060280,78,30,0.7222222222222222,0.2777777777777778
240810205060281,157,92,0.6305220883534136,0.36947791164658633
240810205060282,153,49,0.7574257425742574,0.24257425742574257
240810205060283,164,90,0.6456692913385826,0.3543307086614173
240810205060284,216,112,0.6585365853658537,0.34146341463414637
240810205060285,227,64,0.7800687285223368,0.21993127147766323
240810205060286,252,136,0.6494845360824743,0.35051546391752575
240810205060287,271,89,0.7527777777777778,0.24722222222222223
240810205060288,302,73,0.8053333333333333,0.19466666666666665
240810205060289,166,107,0.608058608058608,0.39194139194139194
240810205060290,91,170,0.3486590038314176,0.6513409961685823
240810205060291,129,174,0.42574257425742573,0.5742574257425742
240810205060292,131,65,0.6683673469387755,0.33163265306122447
240810205060293,182,114,0.6148648648648649,0.38513513513513514
240810205060294,116,65,0.6408839779005525,0.35911602209944754
240810205060295,136,84,0.6181818181818182,0.38181818181818183
240810205060296,170,144,0.5414012738853503,0.4585987261146497
240810205060297,182,83,0.6867924528301886,0.3132075471698113
240810205060298,175,108,0.6183745583038869,0.38162544169611307
240810205060299,96,76,0.5581395348837209,0.4418604651162791
240810205060300,161,123,0.5669014084507042,0.43309859154929575
240810205060301,284,97,0.7454068241469817,0.2545931758530184
240810205060302,134,95,0.5851528384279476,0.4148471615720524
240810205060303,250,123,0.6702412868632708,0.3297587131367292
240810205060304,169,88,0.6575875486381323,0.3424124513618677
240810205060305,307,100,0.7542997542997543,0.2457002457002457
240810205060306,59,81,0.42142857142857143,0.5785714285714286
240810205060307,56,26,0.6829268292682927,0.3170731707317073
240810205060308,77,46,0.6260162601626016,0.37398373983739835
240810205060309,20,43,0.31746031746031744,0.6825396825396826
240810205060310,101,100,0.5024875621890548,0.4975124378109453
240810205060311,261,154,0.6289156626506024,0.3710843373493976
240810205070001,173,85,0.6705426356589147,0.32945736434108525
240810205070002,205,72,0.740072202166065,0.259927797833935
240810205070003,143,82,0.6355555555555555,0.36444444444444446
240810205070004,223,160,0.5822454308093995,0.4177545691906005
240810205070005,193,71,0.7310606060606061,0.2689393939393939
240810205070006,220,135,0.6197183098591549,0.38028169014084506
240810205070007,141,101,0.5826446280991735,0.41735537190082644
240810205070008,239,138,0.6339522546419099,0.3660477453580902
240810205070009,126,100,0.5575221238938053,0.4424778761061947
240810205070010,170,143,0.5431309904153354,0.45686900958466453
240810205070011,189,132,0.5887850467289719,0.411214953271028
240810205070012,144,147,0.4948453608247423,0.5051546391752577
240810205070013,188,133,0.5856697819314641,0.4143302180685358
240810205070014,155,143,0.5201342281879194,0.4798657718120805
240810205070015,151,124,0.5490909090909091,0.4509090909090909
240810205070016,122,94,0.5648148148148148,0.4351851851851852
240810205070017,187,162,0.5358166189111748,0.46418338108882523
240810205070018,178,148,0.5460122699386503,0.4539877300613497
240810205070019,133,204,0.39465875370919884,0.6053412462908012
240810205070020,173,126,0.5785953177257525,0.4214046822742475
240810205070021,175,123,0.587248322147651,0.412751677852349
240810205070022,203,131,0.6077844311377245,0.39221556886227543
240810205070023,127,103,0.5521739130434783,0.44782608695652176
240810205070024,174,156,0.5272727272727272,0.4727272727272727
240810205070025,131,118,0.5261044176706827,0.4738955823293173
240810205070026,201,164,0.5506849315068493,0.44931506849315067
240810205070027,203,142,0.5884057971014492,0.4115942028985507
240810205070028,132,129,0.5057471264367817,0.4942528735632184
240810205070029,63,45,0.5833333333333334,0.4166666666666667
240810205070031,120,109,0.5240174672489083,0.4759825327510917
240810205070032,175,175,0.5,0.5
240810205070033,158,108,0.5939849624060151,0.40601503759398494
240810205070034,176,172,0.5057471264367817,0.4942528735632184
240810205070035,0,0,NaN,NaN
240810205070036,128,89,0.5898617511520737,0.41013824884792627
240810205070037,183,129,0.5865384615384616,0.41346153846153844
240810205070038,167,162,0.5075987841945289,0.49240121580547114
240810205070039,162,137,0.5418060200668896,0.45819397993311034
240810205070040,172,109,0.6120996441281139,0.3879003558718861
240810205070041,191,103,0.6496598639455783,0.35034013605442177
240810205070042,229,153,0.599476439790576,0.4005235602094241
240810205070043,0,0,NaN,NaN
240810205070044,233,152,0.6051948051948052,0.3948051948051948
240810205070045,136,132,0.5074626865671642,0.4925373134328358
240810205070046,186,120,0.6078431372549019,0.39215686274509803
240810205070047,163,135,0.5469798657718121,0.45302013422818793
240810205070048,139,138,0.5018050541516246,0.4981949458483754
240810205070049,230,103,0.6906906906906907,0.30930930930930933
240810205070050,270,124,0.6852791878172588,0.3147208121827411
240810205070051,143,149,0.4897260273972603,0.5102739726027398
240810205070052,106,126,0.45689655172413796,0.5431034482758621
240810205070053,130,73,0.6403940886699507,0.35960591133004927
240810205070054,0,0,NaN,NaN
240810205070055,152,128,0.5428571428571428,0.45714285714285713
240810205070056,101,91,0.5260416666666666,0.4739583333333333
240810205070057,221,131,0.6278409090909091,0.3721590909090909
240810205070058,156,127,0.5512367491166078,0.44876325088339225
240810205070059,282,306,0.47959183673469385,0.5204081632653061
240810205070060,142,156,0.47651006711409394,0.5234899328859061
240810205070061,180,127,0.5863192182410424,0.41368078175895767
240810205070062,153,82,0.6510638297872341,0.34893617021276596
240810205070063,155,81,0.6567796610169492,0.3432203389830508
240810205070064,255,132,0.6589147286821705,0.34108527131782945
240810205070065,196,127,0.6068111455108359,0.3931888544891641
240810205070066,147,65,0.6933962264150944,0.30660377358490565
240810205070067,129,70,0.6482412060301508,0.35175879396984927
240810205070068,210,148,0.5865921787709497,0.4134078212290503
240810205070069,141,101,0.5826446280991735,0.41735537190082644
240810205070070,229,175,0.5668316831683168,0.43316831683168316
240810205070071,167,113,0.5964285714285714,0.4035714285714286
240810205070072,127,75,0.6287128712871287,0.3712871287128713
240810205070073,258,88,0.7456647398843931,0.2543352601156069
240810205070074,114,102,0.5277777777777778,0.4722222222222222
240810205070075,55,28,0.6626506024096386,0.3373493975903614
240810205070076,183,178,0.5069252077562327,0.4930747922437673
240810205070077,120,156,0.43478260869565216,0.5652173913043478
240810205070078,87,86,0.5028901734104047,0.49710982658959535
240810205070079,228,114,0.6666666666666666,0.3333333333333333
240810205070080,182,182,0.5,0.5
240810205070081,84,85,0.4970414201183432,0.5029585798816568
240810205070082,171,131,0.5662251655629139,0.4337748344370861
240810205070083,172,106,0.6187050359712231,0.381294964028777
240810205070084,72,114,0.3870967741935484,0.6129032258064516
240810205070085,212,147,0.5905292479108635,0.40947075208913647
240810205070086,175,141,0.5537974683544303,0.4462025316455696
240810205070087,202,118,0.63125,0.36875
240810205070088,211,161,0.5672043010752689,0.4327956989247312
240810205070089,248,129,0.6578249336870027,0.3421750663129973
240810205070090,89,210,0.2976588628762542,0.7023411371237458
240810205070091,168,141,0.5436893203883495,0.4563106796116505
240810205070092,209,152,0.5789473684210527,0.42105263157894735
240810205070093,134,91,0.5955555555555555,0.40444444444444444
240810205070094,199,124,0.6160990712074303,0.38390092879256965
240810205070095,184,159,0.5364431486880467,0.46355685131195334
240810205070096,80,149,0.34934497816593885,0.6506550218340611
240810205070097,388,135,0.7418738049713193,0.25812619502868067
240810205070098,192,113,0.6295081967213115,0.3704918032786885
240810205070099,297,140,0.6796338672768879,0.32036613272311215
240810205070100,112,61,0.6473988439306358,0.35260115606936415
240810205070101,209,97,0.6830065359477124,0.31699346405228757
240810205070102,173,127,0.5766666666666667,0.42333333333333334
240810205070103,179,106,0.6280701754385964,0.3719298245614035
240810205070104,434,217,0.6666666666666666,0.3333333333333333
240810205070105,171,100,0.6309963099630996,0.36900369003690037
240810205070106,204,90,0.6938775510204082,0.30612244897959184
240810205070107,183,123,0.5980392156862745,0.4019607843137255
240810205070108,211,92,0.6963696369636964,0.30363036303630364
240810205070109,105,80,0.5675675675675675,0.43243243243243246
240810205070110,94,44,0.6811594202898551,0.3188405797101449
240810205070111,189,129,0.5943396226415094,0.4056603773584906
240810205070112,115,59,0.6609195402298851,0.3390804597701149
240810205070113,159,93,0.6309523809523809,0.36904761904761907
240810205070114,155,96,0.6175298804780877,0.38247011952191234
240810205070115,199,112,0.639871382636656,0.36012861736334406
240810205070116,164,41,0.8,0.2
240810205070117,172,113,0.6035087719298246,0.39649122807017545
240810205070118,65,62,0.5118110236220472,0.4881889763779528
240810205070119,195,134,0.5927051671732523,0.4072948328267477
240810205070120,186,108,0.6326530612244898,0.3673469387755102
240810205070121,200,99,0.6688963210702341,0.3311036789297659
240810205070122,205,83,0.7118055555555556,0.2881944444444444
240810205070123,204,145,0.5845272206303725,0.4154727793696275
240810205070124,201,127,0.6128048780487805,0.3871951219512195
240810205070125,109,57,0.6566265060240963,0.3433734939759036
240810205070126,123,134,0.4785992217898833,0.5214007782101168
240810205070127,262,310,0.458041958041958,0.541958041958042
240810205070128,20,14,0.5882352941176471,0.4117647058823529
240810205070129,155,197,0.4403409090909091,0.5596590909090909
240810205070130,109,54,0.6687116564417178,0.3312883435582822
240810205070131,166,150,0.5253164556962026,0.47468354430379744
240810205070132,83,67,0.5533333333333333,0.44666666666666666
240810205070133,172,121,0.5870307167235495,0.4129692832764505
240810205070134,206,132,0.6094674556213018,0.3905325443786982
240810205070135,126,60,0.6774193548387096,0.3225806451612903
240810205070136,178,144,0.5527950310559007,0.4472049689440994
240810205070137,207,67,0.7554744525547445,0.24452554744525548
240810205070138,62,35,0.6391752577319587,0.36082474226804123
240810205070139,67,44,0.6036036036036037,0.3963963963963964
240810205070140,238,106,0.6918604651162791,0.3081395348837209
240810205070141,285,132,0.6834532374100719,0.31654676258992803
240810205070142,286,151,0.6544622425629291,0.34553775743707094
240810205070143,248,116,0.6813186813186813,0.31868131868131866
240810205070144,92,42,0.6865671641791045,0.31343283582089554
240810205070145,95,36,0.7251908396946565,0.2748091603053435
240810205070146,89,69,0.5632911392405063,0.43670886075949367
240810205070147,355,162,0.6866537717601547,0.31334622823984526
240810205070148,133,90,0.5964125560538116,0.40358744394618834
240810205070149,103,84,0.5508021390374331,0.44919786096256686
240810205070150,156,131,0.5435540069686411,0.4564459930313589
240810205070151,95,34,0.7364341085271318,0.26356589147286824
240810205070152,179,159,0.5295857988165681,0.47041420118343197
240810205070153,81,65,0.5547945205479452,0.4452054794520548
240810205070154,211,87,0.7080536912751678,0.29194630872483224
240810205070155,137,99,0.5805084745762712,0.4194915254237288
240810205070156,0,0,NaN,NaN
240810205070157,81,49,0.6230769230769231,0.3769230769230769
240810205070158,66,19,0.7764705882352941,0.2235294117647059
240810205070159,71,89,0.44375,0.55625
240810205070160,159,98,0.6186770428015564,0.38132295719844356
240810205070161,155,115,0.5740740740740741,0.42592592592592593
240810205070162,135,100,0.574468085106383,0.425531914893617
240810205070163,48,37,0.5647058823529412,0.43529411764705883
240810205070164,183,81,0.6931818181818182,0.3068181818181818
240810205070165,120,83,0.5911330049261084,0.4088669950738916
240810205070166,175,115,0.603448275862069,0.39655172413793105
240810205070167,69,51,0.575,0.425
240810205070168,91,87,0.5112359550561798,0.4887640449438202
240810205070169,105,83,0.5585106382978723,0.44148936170212766
240810205070170,47,37,0.5595238095238095,0.44047619047619047
240810205070171,34,20,0.6296296296296297,0.37037037037037035
240810205070172,96,109,0.4682926829268293,0.5317073170731708
240810205070173,95,82,0.536723163841808,0.4632768361581921
240810205070174,62,44,0.5849056603773585,0.41509433962264153
240810205070175,88,43,0.6717557251908397,0.3282442748091603
240810205070176,196,124,0.6125,0.3875
240810205070177,100,66,0.6024096385542169,0.39759036144578314
240810205070178,141,84,0.6266666666666667,0.37333333333333335
240810205070179,102,64,0.6144578313253012,0.3855421686746988
240810205070180,323,104,0.7564402810304449,0.24355971896955503
240810205070181,119,93,0.5613207547169812,0.4386792452830189
240810205070182,201,240,0.4557823129251701,0.54421768707483
240810205070183,240,140,0.631578947368421,0.3684210526315789
240810205070184,247,129,0.6569148936170213,0.34308510638297873
240810205070185,186,85,0.6863468634686347,0.31365313653136534
240810205070186,124,48,0.7209302325581395,0.27906976744186046
240810205070187,165,86,0.6573705179282868,0.3426294820717131
240810205070188,282,192,0.5949367088607594,0.4050632911392405
240810205070189,135,70,0.6585365853658537,0.34146341463414637
240810205070190,173,85,0.6705426356589147,0.32945736434108525
240810205070191,96,41,0.7007299270072993,0.29927007299270075
240810205080001,165,182,0.4755043227665706,0.5244956772334294
240810205080002,0,0,NaN,NaN
240810205080003,103,90,0.533678756476684,0.46632124352331605
240810205080004,145,135,0.5178571428571429,0.48214285714285715
240810205080005,0,0,NaN,NaN
240810205080006,0,0,NaN,NaN
240810205080007,77,117,0.39690721649484534,0.6030927835051546
240810205080008,128,113,0.5311203319502075,0.46887966804979253
240810205080009,163,105,0.6082089552238806,0.3917910447761194
240810205080010,248,157,0.6123456790123457,0.38765432098765434
240810205080011,38,53,0.4175824175824176,0.5824175824175825
240810205080012,164,161,0.5046153846153846,0.49538461538461537
240810205080013,198,127,0.6092307692307692,0.39076923076923076
240810205080014,64,79,0.44755244755244755,0.5524475524475524
240810205080015,138,135,0.5054945054945055,0.4945054945054945
240810205080016,179,146,0.5507692307692308,0.4492307692307692
240810205080017,170,119,0.5882352941176471,0.4117647058823529
240810205080018,145,138,0.5123674911660777,0.4876325088339223
240810205080019,143,122,0.539622641509434,0.46037735849056605
240810205080020,200,165,0.547945205479452,0.4520547945205479
240810205080021,103,94,0.5228426395939086,0.47715736040609136
240810205080022,75,34,0.6880733944954128,0.3119266055045872
240810205080023,157,161,0.4937106918238994,0.5062893081761006
240810205080024,91,60,0.6026490066225165,0.3973509933774834
240810205080025,29,4,0.8787878787878788,0.12121212121212122
240810205080026,100,101,0.4975124378109453,0.5024875621890548
240810205080027,303,199,0.603585657370518,0.39641434262948205
240810205080028,156,115,0.5756457564575646,0.42435424354243545
240810205080029,189,130,0.5924764890282131,0.40752351097178685
240810205080030,0,0,NaN,NaN
240810205080031,3,8,0.2727272727272727,0.7272727272727273
240810205080032,160,147,0.5211726384364821,0.4788273615635179
240810205080033,119,111,0.5173913043478261,0.4826086956521739
240810205080035,94,63,0.5987261146496815,0.4012738853503185
240810205080036,163,116,0.5842293906810035,0.4157706093189964
240810205080037,197,140,0.5845697329376854,0.41543026706231456
240810205080038,115,131,0.46747967479674796,0.532520325203252
240810205080039,152,124,0.5507246376811594,0.4492753623188406
240810205080040,136,135,0.5018450184501845,0.4981549815498155
240810205080041,154,150,0.506578947368421,0.4934210526315789
240810205080042,134,71,0.6536585365853659,0.3463414634146341
240810205080043,43,88,0.3282442748091603,0.6717557251908397
240810205080044,33,39,0.4583333333333333,0.5416666666666666
240810205080045,68,113,0.3756906077348066,0.6243093922651933
240810205080046,74,72,0.5068493150684932,0.4931506849315068
240810205080047,85,105,0.4473684210526316,0.5526315789473685
240810205080048,209,132,0.6129032258064516,0.3870967741935484
240810205080049,168,101,0.6245353159851301,0.3754646840148699
240810205080052,107,156,0.4068441064638783,0.5931558935361216
240810205080053,177,142,0.554858934169279,0.445141065830721
240810205080054,164,133,0.5521885521885522,0.4478114478114478
240810205080055,144,125,0.5353159851301115,0.4646840148698885
240810205080056,124,116,0.5166666666666667,0.48333333333333334
240810205080057,182,138,0.56875,0.43125
240810205080058,0,0,NaN,NaN
240810205080059,194,148,0.5672514619883041,0.4327485380116959
240810205080060,145,132,0.5234657039711191,0.47653429602888087
240810205080063,182,117,0.6086956521739131,0.391304347826087
240810205080065,0,0,NaN,NaN
240810205080066,128,179,0.4169381107491857,0.5830618892508144
240810205080067,0,0,NaN,NaN
240810205080068,140,131,0.5166051660516605,0.4833948339483395
240810205080069,192,122,0.6114649681528662,0.3885350318471338
240810205080070,260,121,0.6824146981627297,0.31758530183727035
240810205080071,168,123,0.5773195876288659,0.422680412371134
240810205080074,0,0,NaN,NaN
240810205080075,79,178,0.30739299610894943,0.6926070038910506
240810205080077,81,38,0.680672268907563,0.31932773109243695
240810205080078,182,171,0.5155807365439093,0.48441926345609065
240810205080079,165,132,0.5555555555555556,0.4444444444444444
240810205080080,182,145,0.5565749235474006,0.4434250764525994
240810205080081,265,135,0.6625,0.3375
240810205080082,169,95,0.6401515151515151,0.35984848484848486
240810205080083,445,233,0.6563421828908554,0.34365781710914456
240810205080084,0,0,NaN,NaN
240810205080085,196,165,0.5429362880886427,0.45706371191135736
240810205080086,129,75,0.6323529411764706,0.36764705882352944
240810205080087,0,0,NaN,NaN
240810205080088,132,112,0.5409836065573771,0.45901639344262296
240810205080089,140,157,0.4713804713804714,0.5286195286195287
240810205080090,147,141,0.5104166666666666,0.4895833333333333
240810205080091,140,156,0.47297297297297297,0.527027027027027
240810205080092,109,70,0.6089385474860335,0.39106145251396646
240810205080093,156,98,0.6141732283464567,0.3858267716535433
240810205080094,163,130,0.5563139931740614,0.44368600682593856
240810205080095,193,136,0.5866261398176292,0.4133738601823708
240810205080096,70,155,0.3111111111111111,0.6888888888888889
240810205080097,189,134,0.5851393188854489,0.4148606811145511
240810205080098,79,69,0.5337837837837838,0.46621621621621623
240810205080099,176,154,0.5333333333333333,0.4666666666666667
240810205080100,189,142,0.5709969788519638,0.42900302114803623
240810205080101,195,121,0.6170886075949367,0.3829113924050633
240810205080102,148,140,0.5138888888888888,0.4861111111111111
240810205080103,225,79,0.7401315789473685,0.2598684210526316
240810205080104,144,137,0.5124555160142349,0.4875444839857651
240810205080105,116,33,0.7785234899328859,0.2214765100671141
240810205080106,141,155,0.47635135135135137,0.5236486486486487
240810205080107,260,140,0.65,0.35
240810205080108,153,113,0.575187969924812,0.424812030075188
240810205080109,233,115,0.6695402298850575,0.33045977011494254
240810205080110,73,45,0.6186440677966102,0.3813559322033898
240810205080111,101,52,0.6601307189542484,0.33986928104575165
240810205080112,26,1,0.9629629629629629,0.037037037037037035
240810205080113,93,94,0.49732620320855614,0.5026737967914439
240810205080115,56,69,0.448,0.552
240810205080116,150,104,0.5905511811023622,0.4094488188976378
240810205080117,44,69,0.3893805309734513,0.6106194690265486
240810205080118,114,90,0.5588235294117647,0.4411764705882353
240810205080119,144,118,0.549618320610687,0.45038167938931295
240810205080120,141,169,0.45483870967741935,0.5451612903225806
240810205080121,111,53,0.676829268292683,0.3231707317073171
240810205080122,183,156,0.5398230088495575,0.46017699115044247
240810205080123,89,89,0.5,0.5
240810205080124,131,79,0.6238095238095238,0.3761904761904762
240810205080125,284,73,0.7955182072829131,0.20448179271708683
240810205080126,217,56,0.7948717948717948,0.20512820512820512
240810205080127,118,91,0.5645933014354066,0.4354066985645933
240810205080128,114,111,0.5066666666666667,0.49333333333333335
240810205080129,78,63,0.5531914893617021,0.44680851063829785
240810205080130,95,82,0.536723163841808,0.4632768361581921
240810205080131,45,50,0.47368421052631576,0.5263157894736842
240810205080132,113,89,0.5594059405940595,0.4405940594059406
240810205080133,47,103,0.31333333333333335,0.6866666666666666
240810205080134,122,86,0.5865384615384616,0.41346153846153844
240810205080135,377,188,0.6672566371681415,0.3327433628318584
240810205080136,100,69,0.591715976331361,0.40828402366863903
240810205080137,122,72,0.6288659793814433,0.3711340206185567
240810205080138,138,156,0.46938775510204084,0.5306122448979592
240810205080139,142,136,0.5107913669064749,0.4892086330935252
240810205080140,94,62,0.6025641025641025,0.3974358974358974
240810205080141,83,83,0.5,0.5
240810205080142,101,49,0.6733333333333333,0.32666666666666666
240810205080143,0,0,NaN,NaN
240810205080144,130,79,0.6220095693779905,0.37799043062200954
240810205080145,124,65,0.656084656084656,0.3439153439153439
240810205080146,32,42,0.43243243243243246,0.5675675675675675
240810205080147,95,71,0.572289156626506,0.42771084337349397
240810205080148,162,180,0.47368421052631576,0.5263157894736842
240810205080149,192,288,0.4,0.6
240810205080150,122,81,0.6009852216748769,0.39901477832512317
240810205080151,67,36,0.6504854368932039,0.34951456310679613
240810205080152,70,50,0.5833333333333334,0.4166666666666667
240810205080153,62,58,0.5166666666666667,0.48333333333333334
240810205080154,77,66,0.5384615384615384,0.46153846153846156
240810205080155,122,121,0.5020576131687243,0.49794238683127573
240810205080156,70,65,0.5185185185185185,0.48148148148148145
240810205080157,58,73,0.44274809160305345,0.5572519083969466
240810205080158,112,80,0.5833333333333334,0.4166666666666667
240810205080159,135,116,0.5378486055776892,0.46215139442231074
240810205080160,156,116,0.5735294117647058,0.4264705882352941
240810205080161,58,54,0.5178571428571429,0.48214285714285715
240810205080162,31,20,0.6078431372549019,0.39215686274509803
240810205080163,54,44,0.5510204081632653,0.4489795918367347
240810205080164,65,46,0.5855855855855856,0.4144144144144144
240810205090001,118,149,0.4419475655430712,0.5580524344569289
240810205090002,131,169,0.43666666666666665,0.5633333333333334
240810205090003,133,205,0.39349112426035504,0.606508875739645
240810205090004,124,129,0.4901185770750988,0.5098814229249012
240810205090005,209,127,0.6220238095238095,0.37797619047619047
240810205090007,99,194,0.3378839590443686,0.6621160409556314
240810205090008,131,185,0.41455696202531644,0.5854430379746836
240810205090009,114,91,0.5560975609756098,0.44390243902439025
240810205090010,108,70,0.6067415730337079,0.39325842696629215
240810205090011,164,161,0.5046153846153846,0.49538461538461537
240810205090012,184,142,0.5644171779141104,0.43558282208588955
240810205090013,107,88,0.5487179487179488,0.4512820512820513
240810205090014,150,173,0.46439628482972134,0.5356037151702786
240810205090015,169,142,0.5434083601286174,0.4565916398713826
240810205090016,217,118,0.6477611940298508,0.3522388059701492
240810205090017,199,122,0.6199376947040498,0.38006230529595014
240810205090018,203,117,0.634375,0.365625
240810205090019,151,98,0.606425702811245,0.39357429718875503
240810205090020,148,64,0.6981132075471698,0.3018867924528302
240810205090021,222,144,0.6065573770491803,0.39344262295081966
240810205090022,141,104,0.5755102040816327,0.42448979591836733
240810205090023,177,110,0.6167247386759582,0.3832752613240418
240810205090024,140,90,0.6086956521739131,0.391304347826087
240810205090025,234,147,0.6141732283464567,0.3858267716535433
240810205090026,229,155,0.5963541666666666,0.4036458333333333
240810205090027,63,71,0.4701492537313433,0.5298507462686567
240810205090028,189,170,0.5264623955431755,0.4735376044568245
240810205090029,213,98,0.684887459807074,0.31511254019292606
240810205090030,364,177,0.6728280961182994,0.32717190388170053
240810205090031,31,18,0.6326530612244898,0.3673469387755102
240810205090032,247,160,0.6068796068796068,0.3931203931203931
240810205090033,233,165,0.585427135678392,0.41457286432160806
240810205090034,136,157,0.4641638225255973,0.5358361774744027
240810205090035,227,268,0.4585858585858586,0.5414141414141415
240810205090036,216,60,0.782608695652174,0.21739130434782608
240810205090037,122,90,0.5754716981132075,0.42452830188679247
240810205090038,271,287,0.48566308243727596,0.514336917562724
240810205090039,91,259,0.26,0.74
240810205090040,189,185,0.5053475935828877,0.4946524064171123
240810205090041,254,145,0.6365914786967418,0.3634085213032581
240810205090042,184,111,0.6237288135593221,0.376271186440678
240810205090043,215,100,0.6825396825396826,0.31746031746031744
240810205090044,118,159,0.4259927797833935,0.5740072202166066
240810205090045,141,93,0.6025641025641025,0.3974358974358974
240810205090046,177,89,0.6654135338345865,0.33458646616541354
240810205090047,216,103,0.677115987460815,0.322884012539185
240810205090048,230,100,0.696969696969697,0.30303030303030304
240810205090049,130,142,0.47794117647058826,0.5220588235294118
240810205090050,199,63,0.7595419847328244,0.24045801526717558
240810205090051,57,55,0.5089285714285714,0.49107142857142855
240810205090052,111,254,0.3041095890410959,0.6958904109589041
240810205090053,144,148,0.4931506849315068,0.5068493150684932
240810205090055,225,108,0.6756756756756757,0.32432432432432434
240810205090056,186,86,0.6838235294117647,0.3161764705882353
240810205090057,343,161,0.6805555555555556,0.3194444444444444
240810205090058,209,106,0.6634920634920635,0.33650793650793653
240810205090059,143,72,0.6651162790697674,0.33488372093023255
240810205090060,232,146,0.6137566137566137,0.3862433862433862
240810205090061,72,127,0.36180904522613067,0.6381909547738693
240810205090062,236,108,0.686046511627907,0.313953488372093
240810205090063,132,46,0.7415730337078652,0.25842696629213485
240810205090064,150,111,0.5747126436781609,0.42528735632183906
240810205090065,175,102,0.631768953068592,0.36823104693140796
240810205090066,184,170,0.519774011299435,0.480225988700565
240810205090067,183,123,0.5980392156862745,0.4019607843137255
240810205090068,167,134,0.5548172757475083,0.44518272425249167
240810205090069,148,68,0.6851851851851852,0.3148148148148148
240810205090070,190,139,0.5775075987841946,0.42249240121580545
240810205090071,192,137,0.5835866261398176,0.41641337386018235
240810205090072,160,141,0.53156146179402,0.4684385382059801
240810205090073,126,244,0.34054054054054056,0.6594594594594595
240810205090074,112,66,0.6292134831460674,0.3707865168539326
240810205090075,200,110,0.6451612903225806,0.3548387096774194
240810205090076,154,77,0.6666666666666666,0.3333333333333333
240810205090077,54,25,0.6835443037974683,0.31645569620253167
240810205090078,117,168,0.4105263157894737,0.5894736842105263
240810205090079,202,176,0.5343915343915344,0.4656084656084656
240810205090080,165,125,0.5689655172413793,0.43103448275862066
240810205090081,109,115,0.48660714285714285,0.5133928571428571
240810205090082,149,103,0.5912698412698413,0.4087301587301587
240810205090083,190,115,0.6229508196721312,0.3770491803278688
240810205090084,248,106,0.7005649717514124,0.2994350282485876
240810205090085,133,100,0.5708154506437768,0.4291845493562232
240810205090086,191,113,0.6282894736842105,0.3717105263157895
240810205090087,167,108,0.6072727272727273,0.3927272727272727
240810205090088,156,119,0.5672727272727273,0.43272727272727274
240810205090089,185,151,0.5505952380952381,0.4494047619047619
240810205090090,103,232,0.3074626865671642,0.6925373134328359
240810205090091,157,122,0.5627240143369175,0.43727598566308246
240810205090092,232,139,0.6253369272237197,0.3746630727762803
240810205090093,211,101,0.6762820512820513,0.32371794871794873
240810205090094,171,114,0.6,0.4
240810205090095,73,60,0.5488721804511278,0.45112781954887216
240810205090096,35,33,0.5147058823529411,0.4852941176470588
240810205090097,111,172,0.392226148409894,0.607773851590106
240810205090098,208,135,0.6064139941690962,0.3935860058309038
240810205090099,182,134,0.5759493670886076,0.4240506329113924
240810205090100,133,146,0.4767025089605735,0.5232974910394266
240810205090101,143,106,0.5742971887550201,0.42570281124497994
240810205090102,119,95,0.5560747663551402,0.4439252336448598
240810205090103,109,87,0.5561224489795918,0.44387755102040816
240810205090104,157,147,0.5164473684210527,0.48355263157894735
240810205090106,265,156,0.6294536817102138,0.37054631828978624
240810205090107,120,87,0.5797101449275363,0.42028985507246375
240810205090108,186,118,0.6118421052631579,0.3881578947368421
240810205090109,132,122,0.5196850393700787,0.48031496062992124
240810205090111,146,141,0.5087108013937283,0.4912891986062718
240810205090112,106,166,0.3897058823529412,0.6102941176470589
240810205090113,0,0,NaN,NaN
240810205090114,210,135,0.6086956521739131,0.391304347826087
240810205090115,152,134,0.5314685314685315,0.46853146853146854
240810205090116,80,152,0.3448275862068966,0.6551724137931034
240810205090117,156,99,0.611764705882353,0.38823529411764707
240810205090118,214,164,0.5661375661375662,0.43386243386243384
240810205090119,170,100,0.6296296296296297,0.37037037037037035
240810205090120,160,138,0.5369127516778524,0.46308724832214765
240810205090121,143,100,0.588477366255144,0.411522633744856
240810205090122,125,90,0.5813953488372093,0.4186046511627907
240810205090123,192,164,0.5393258426966292,0.4606741573033708
240810205090124,117,159,0.42391304347826086,0.5760869565217391
240810205090125,126,113,0.5271966527196653,0.47280334728033474
240810205090126,170,100,0.6296296296296297,0.37037037037037035
240810205090127,271,127,0.6809045226130653,0.31909547738693467
240810205090128,185,119,0.6085526315789473,0.39144736842105265
240810205090129,79,141,0.35909090909090907,0.6409090909090909
240810205090130,182,128,0.5870967741935483,0.4129032258064516
240810205090131,146,139,0.512280701754386,0.48771929824561405
240810205090132,218,114,0.6566265060240963,0.3433734939759036
240810205090133,150,126,0.5434782608695652,0.45652173913043476
240810205090134,115,80,0.5897435897435898,0.41025641025641024
240810205090135,195,153,0.5603448275862069,0.4396551724137931
240810205090136,128,138,0.48120300751879697,0.518796992481203
240810205090137,164,113,0.592057761732852,0.40794223826714804
240810205090138,152,117,0.5650557620817844,0.4349442379182156
240810205090139,185,87,0.6801470588235294,0.31985294117647056
240810205090140,145,160,0.47540983606557374,0.5245901639344263
240810205090141,109,61,0.6411764705882353,0.3588235294117647
240810205090142,165,144,0.5339805825242718,0.46601941747572817
240810205090143,134,133,0.50187265917603,0.49812734082397003
240810205090144,183,126,0.5922330097087378,0.4077669902912621
240810205090145,128,105,0.5493562231759657,0.45064377682403434
240810205090146,130,81,0.6161137440758294,0.38388625592417064
240810205090147,233,171,0.5767326732673267,0.42326732673267325
240810205090148,178,122,0.5933333333333334,0.4066666666666667
240810205090149,159,99,0.6162790697674418,0.38372093023255816
240810205090150,129,103,0.5560344827586207,0.44396551724137934
240810205090151,125,71,0.6377551020408163,0.3622448979591837
240810205090152,156,130,0.5454545454545454,0.45454545454545453
240810205090153,107,92,0.5376884422110553,0.4623115577889447
240810205090154,192,81,0.7032967032967034,0.2967032967032967
240810205090155,326,166,0.6626016260162602,0.33739837398373984
240810205090156,178,46,0.7946428571428571,0.20535714285714285
240810205090157,108,154,0.4122137404580153,0.5877862595419847
240810205090158,173,109,0.6134751773049646,0.38652482269503546
240810205090159,265,211,0.5567226890756303,0.4432773109243697
240810205090160,112,194,0.3660130718954248,0.6339869281045751
240810205090161,105,61,0.6325301204819277,0.3674698795180723
240810205090162,317,104,0.7529691211401425,0.24703087885985747
240810205090163,322,292,0.5244299674267101,0.4755700325732899
240810205090164,124,84,0.5961538461538461,0.40384615384615385
240810205090165,156,82,0.6554621848739496,0.3445378151260504
240810205090166,168,157,0.5169230769230769,0.48307692307692307
240810205090167,201,193,0.5101522842639594,0.48984771573604063
240810205090168,214,101,0.6793650793650794,0.32063492063492066
240810205090169,246,125,0.6630727762803235,0.33692722371967654
240810205090170,133,92,0.5911111111111111,0.4088888888888889
240810205090171,90,41,0.6870229007633588,0.31297709923664124
240810205090172,485,203,0.7049418604651163,0.29505813953488375
240810205090173,108,53,0.6708074534161491,0.32919254658385094
240810205090174,69,38,0.6448598130841121,0.35514018691588783
240810205090175,251,112,0.6914600550964187,0.3085399449035813
240810205090176,172,82,0.6771653543307087,0.3228346456692913
240810205090177,135,42,0.7627118644067796,0.23728813559322035
240810205090178,71,59,0.5461538461538461,0.45384615384615384
240810205090179,75,40,0.6521739130434783,0.34782608695652173
240810205090180,177,98,0.6436363636363637,0.3563636363636364
240810205090181,65,55,0.5416666666666666,0.4583333333333333
240810205090182,182,85,0.6816479400749064,0.31835205992509363
240810205090183,268,120,0.6907216494845361,0.30927835051546393
240810205090184,163,122,0.5719298245614035,0.4280701754385965
240810205090185,64,36,0.64,0.36
240810205090186,120,69,0.6349206349206349,0.36507936507936506
240810205090187,114,127,0.4730290456431535,0.5269709543568465
240810205090188,142,77,0.6484018264840182,0.3515981735159817
240810205090189,152,50,0.7524752475247525,0.24752475247524752
240810205090190,286,125,0.6958637469586375,0.30413625304136255
240810205090191,59,51,0.5363636363636364,0.4636363636363636
240810205090192,76,82,0.4810126582278481,0.5189873417721519
240810205090193,198,144,0.5789473684210527,0.42105263157894735
240810205090194,79,46,0.632,0.368
240810205090195,47,110,0.29936305732484075,0.7006369426751592
240810205090196,99,61,0.61875,0.38125
240810205090197,42,19,0.6885245901639344,0.3114754098360656
240810205090198,92,83,0.5257142857142857,0.4742857142857143
240810205090199,32,62,0.3404255319148936,0.6595744680851063
240810205090200,132,55,0.7058823529411765,0.29411764705882354
240810205090201,96,71,0.5748502994011976,0.4251497005988024
240810205090202,59,34,0.6344086021505376,0.3655913978494624
240810205090203,95,67,0.5864197530864198,0.41358024691358025
240810205090204,181,84,0.6830188679245283,0.3169811320754717
240810205090205,87,67,0.564935064935065,0.43506493506493504
240810205090206,110,62,0.6395348837209303,0.36046511627906974
240810205090207,145,67,0.6839622641509434,0.3160377358490566
240810205090208,40,51,0.43956043956043955,0.5604395604395604
240810205090209,131,87,0.6009174311926605,0.39908256880733944
240810205090210,80,76,0.5128205128205128,0.48717948717948717
240810205090211,61,57,0.5169491525423728,0.4830508474576271
240810205090212,42,26,0.6176470588235294,0.38235294117647056
240810205090213,89,70,0.559748427672956,0.44025157232704404
240810205090214,52,32,0.6190476190476191,0.38095238095238093
240810205090215,80,45,0.64,0.36
240810205090216,168,86,0.6614173228346457,0.33858267716535434
240810205090217,156,99,0.611764705882353,0.38823529411764707
240810205090218,76,69,0.5241379310344828,0.47586206896551725
240810205090219,73,119,0.3802083333333333,0.6197916666666666
240810205090220,197,117,0.6273885350318471,0.37261146496815284
240810205090221,48,95,0.3356643356643357,0.6643356643356644
240810205090222,49,31,0.6125,0.3875
240810205090223,99,40,0.7122302158273381,0.28776978417266186
240810205090224,107,70,0.6045197740112994,0.3954802259887006
240810205090225,106,86,0.5520833333333334,0.4479166666666667
240810205090226,89,57,0.6095890410958904,0.3904109589041096
240810205090227,55,39,0.5851063829787234,0.4148936170212766
240810205090228,53,59,0.4732142857142857,0.5267857142857143
240810205090229,42,51,0.45161290322580644,0.5483870967741935
240810205090230,229,98,0.7003058103975535,0.2996941896024465
240810205090231,67,39,0.6320754716981132,0.36792452830188677
240810205090232,136,93,0.5938864628820961,0.40611353711790393
240810205090233,124,79,0.6108374384236454,0.3891625615763547
240810205090234,64,49,0.5663716814159292,0.4336283185840708
240810205090235,114,52,0.6867469879518072,0.3132530120481928
240810205090236,217,52,0.8066914498141264,0.19330855018587362
240810205090237,175,62,0.7383966244725738,0.2616033755274262
240810205090238,29,66,0.30526315789473685,0.6947368421052632
240810205090239,151,57,0.7259615384615384,0.27403846153846156
240810205090240,265,113,0.701058201058201,0.29894179894179895
240810205090241,244,202,0.547085201793722,0.452914798206278
240810205090242,346,174,0.6653846153846154,0.3346153846153846
240810205090243,84,40,0.6774193548387096,0.3225806451612903
240810205090244,145,79,0.6473214285714286,0.35267857142857145
